<?xml version="1.0" encoding="UTF-8"?>
<configurationDescriptor version="97">
  <logicalFolder name="root" displayName="root" projectFiles="true" kind="ROOT">
    <df root="." name="0">
      <df name="examples">
        <in>asdf.c</in>
        <in>old.c</in>
        <in>thread_working_with_return.c</in>
      </df>
      <df name="htdocs">
        <in>2nd-page.html</in>
        <in>index.html</in>
      </df>
      <in>error.c</in>
      <in>functions.c</in>
      <in>main.c</in>
    </df>
    <logicalFolder name="ExternalFiles"
                   displayName="Important Files"
                   projectFiles="false"
                   kind="IMPORTANT_FILES_FOLDER">
      <itemPath>nbproject/private/launcher.properties</itemPath>
      <itemPath>makefile</itemPath>
    </logicalFolder>
  </logicalFolder>
  <sourceFolderFilter>^(nbproject)$</sourceFolderFilter>
  <sourceRootList>
    <Elem>.</Elem>
  </sourceRootList>
  <projectmakefile>makefile</projectmakefile>
  <confs>
    <conf name="Default" type="0">
      <toolsSet>
        <compilerSet>default</compilerSet>
        <dependencyChecking>false</dependencyChecking>
        <rebuildPropChanged>false</rebuildPropChanged>
      </toolsSet>
      <flagsDictionary>
        <element flagsID="0" commonFlags="-g -std=gnu99"/>
      </flagsDictionary>
      <codeAssistance>
      </codeAssistance>
      <makefileType>
        <makeTool>
          <buildCommandWorkingDir>.</buildCommandWorkingDir>
          <buildCommand>${MAKE} -f makefile</buildCommand>
          <cleanCommand>${MAKE} -f makefile clean</cleanCommand>
          <executablePath>a.out</executablePath>
        </makeTool>
        <preBuild>
          <preBuildCommandWorkingDir>.</preBuildCommandWorkingDir>
          <preBuildCommand></preBuildCommand>
        </preBuild>
      </makefileType>
      <item path="error.c" ex="false" tool="0" flavor2="3">
        <cTool flags="0">
        </cTool>
      </item>
      <item path="examples/asdf.c" ex="false" tool="0" flavor2="0">
      </item>
      <item path="examples/old.c" ex="false" tool="0" flavor2="0">
      </item>
      <item path="examples/thread_working_with_return.c"
            ex="false"
            tool="0"
            flavor2="0">
      </item>
      <item path="functions.c" ex="false" tool="0" flavor2="3">
        <cTool flags="0">
        </cTool>
      </item>
      <item path="htdocs/2nd-page.html" ex="false" tool="3" flavor2="0">
      </item>
      <item path="htdocs/index.html" ex="false" tool="3" flavor2="0">
      </item>
      <item path="main.c" ex="false" tool="0" flavor2="3">
        <cTool flags="0">
        </cTool>
      </item>
    </conf>
  </confs>
</configurationDescriptor>
